{"cameraMode":{"drawMode":0,"name":"Shaded","section":"Shading Mode"},"sceneLighting":false,"audioPlay":false,"sceneViewState":{"showFog":true,"showMaterialUpdate":false,"showSkybox":false,"showFlares":true,"showImageEffects":true,"showParticleSystems":true},"in2DMode":false,"pivot":{"x":-0.05803048610687256,"y":4.417119026184082,"z":-0.7356551885604858},"rotation":{"x":-0.18520548939704896,"y":-0.47931790351867678,"z":0.10381696373224259,"w":-0.8517827987670898},"size":6.717621326446533,"orthographic":true}