{"cameraMode":{"drawMode":0,"name":"Shaded","section":"Shading Mode"},"sceneLighting":true,"audioPlay":false,"sceneViewState":{"showFog":true,"showMaterialUpdate":false,"showSkybox":true,"showFlares":true,"showImageEffects":true,"showParticleSystems":true},"in2DMode":false,"pivot":{"x":121.55953979492188,"y":-127.04202270507813,"z":152.92593383789063},"rotation":{"x":-0.07162083685398102,"y":-0.34855547547340395,"z":0.026698388159275056,"w":-0.9342997670173645},"size":248.89767456054688,"orthographic":true}