{"cameraMode":{"drawMode":0,"name":"Shaded","section":"Shading Mode"},"sceneLighting":false,"audioPlay":false,"sceneViewState":{"showFog":true,"showMaterialUpdate":false,"showSkybox":false,"showFlares":true,"showImageEffects":true,"showParticleSystems":true},"in2DMode":false,"pivot":{"x":-0.4340944290161133,"y":3.552942991256714,"z":0.0},"rotation":{"x":-0.18520548939704896,"y":-0.47931790351867678,"z":0.10381696373224259,"w":-0.8517827987670898},"size":6.840024471282959,"orthographic":true}