{"cameraMode":{"drawMode":0,"name":"Shaded","section":"Shading Mode"},"sceneLighting":false,"audioPlay":false,"sceneViewState":{"showFog":true,"showMaterialUpdate":false,"showSkybox":false,"showFlares":true,"showImageEffects":true,"showParticleSystems":true},"in2DMode":false,"pivot":{"x":-0.5443466901779175,"y":-1.3969838619232178e-9,"z":0.004678733646869659},"rotation":{"x":-0.21514573693275453,"y":-0.2991221249103546,"z":0.06938699632883072,"w":-0.9271836876869202},"size":1.249793291091919,"orthographic":true}