{"cameraMode":{"drawMode":0,"name":"Shaded","section":"Shading Mode"},"sceneLighting":true,"audioPlay":false,"sceneViewState":{"showFog":true,"showMaterialUpdate":false,"showSkybox":true,"showFlares":true,"showImageEffects":true,"showParticleSystems":true},"in2DMode":false,"pivot":{"x":453.8420715332031,"y":16.671104431152345,"z":331.80767822265627},"rotation":{"x":-0.03689875081181526,"y":0.17553190886974336,"z":0.006670487113296986,"w":0.9839187264442444},"size":239.7318572998047,"orthographic":true}