{"cameraMode":{"drawMode":0,"name":"Shaded","section":"Shading Mode"},"sceneLighting":true,"audioPlay":false,"sceneViewState":{"showFog":true,"showMaterialUpdate":false,"showSkybox":true,"showFlares":true,"showImageEffects":true,"showParticleSystems":true},"in2DMode":false,"pivot":{"x":995.437744140625,"y":-176.38438415527345,"z":1274.0072021484375},"rotation":{"x":-0.09269282966852188,"y":-0.26492398977279665,"z":0.025593508034944536,"w":-0.9594686031341553},"size":204.9464569091797,"orthographic":false}