{"cameraMode":{"drawMode":0,"name":"Shaded","section":"Shading Mode"},"sceneLighting":true,"audioPlay":false,"sceneViewState":{"showFog":true,"showMaterialUpdate":false,"showSkybox":true,"showFlares":true,"showImageEffects":true,"showParticleSystems":true},"in2DMode":false,"pivot":{"x":-4.889999866485596,"y":2.3299999237060549,"z":0.0},"rotation":{"x":-0.09401359409093857,"y":0.41293376684188845,"z":-0.04284714534878731,"w":-0.9049088358879089},"size":3.7858049869537355,"orthographic":true}