{"cameraMode":{"drawMode":0,"name":"Shaded","section":"Shading Mode"},"sceneLighting":true,"audioPlay":false,"sceneViewState":{"showFog":true,"showMaterialUpdate":false,"showSkybox":true,"showFlares":true,"showImageEffects":true,"showParticleSystems":true},"in2DMode":false,"pivot":{"x":13.270000457763672,"y":9.157280921936036,"z":49.02806854248047},"rotation":{"x":-0.18520548939704896,"y":-0.47931790351867678,"z":0.10381696373224259,"w":-0.8517827987670898},"size":36.4611930847168,"orthographic":true}