{"cameraMode":{"drawMode":0,"name":"Shaded","section":"Shading Mode"},"sceneLighting":false,"audioPlay":false,"sceneViewState":{"showFog":true,"showMaterialUpdate":false,"showSkybox":false,"showFlares":true,"showImageEffects":true,"showParticleSystems":true},"in2DMode":false,"pivot":{"x":0.02574336528778076,"y":0.9581449031829834,"z":0.10385793447494507},"rotation":{"x":0.14226144552230836,"y":0.3963254392147064,"z":-0.06248241290450096,"w":0.9049358367919922},"size":1.4086785316467286,"orthographic":false}