{"cameraMode":{"drawMode":0,"name":"Shaded","section":"Shading Mode"},"sceneLighting":true,"audioPlay":false,"sceneViewState":{"showFog":true,"showMaterialUpdate":false,"showSkybox":true,"showFlares":true,"showImageEffects":true,"showParticleSystems":true},"in2DMode":false,"pivot":{"x":83.05569458007813,"y":233.53176879882813,"z":474.28582763671877},"rotation":{"x":-0.19398994743824006,"y":-0.6652268767356873,"z":0.18521994352340699,"w":-0.6969984769821167},"size":600.4913940429688,"orthographic":true}