{"cameraMode":{"drawMode":0,"name":"Shaded","section":"Shading Mode"},"sceneLighting":true,"audioPlay":false,"sceneViewState":{"showFog":true,"showMaterialUpdate":false,"showSkybox":true,"showFlares":true,"showImageEffects":true,"showParticleSystems":true},"in2DMode":false,"pivot":{"x":-368.53533935546877,"y":199.664306640625,"z":492.420166015625},"rotation":{"x":0.12568596005439759,"y":0.3535352647304535,"z":-0.04816516116261482,"w":0.9257498979568481},"size":133.18731689453126,"orthographic":false}