{"cameraMode":{"drawMode":0,"name":"Shaded","section":"Shading Mode"},"sceneLighting":true,"audioPlay":false,"sceneViewState":{"showFog":true,"showMaterialUpdate":false,"showSkybox":true,"showFlares":true,"showImageEffects":true,"showParticleSystems":true},"in2DMode":false,"pivot":{"x":132.93438720703126,"y":90.9997329711914,"z":201.71473693847657},"rotation":{"x":-0.125030979514122,"y":-0.3093896210193634,"z":0.041125036776065829,"w":-0.9418153166770935},"size":89.47193908691406,"orthographic":true}