{"cameraMode":{"drawMode":0,"name":"Shaded","section":"Shading Mode"},"sceneLighting":true,"audioPlay":false,"sceneViewState":{"showFog":true,"showMaterialUpdate":false,"showSkybox":true,"showFlares":true,"showImageEffects":true,"showParticleSystems":true},"in2DMode":false,"pivot":{"x":891.1844482421875,"y":159.8594970703125,"z":669.1289672851563},"rotation":{"x":-0.09838182479143143,"y":-0.5926257967948914,"z":0.07331427186727524,"w":-0.7961257696151733},"size":1073.5289306640625,"orthographic":true}