{"cameraMode":{"drawMode":0,"name":"Shaded","section":"Shading Mode"},"sceneLighting":false,"audioPlay":false,"sceneViewState":{"showFog":true,"showMaterialUpdate":false,"showSkybox":false,"showFlares":true,"showImageEffects":true,"showParticleSystems":true},"in2DMode":false,"pivot":{"x":24.705400466918947,"y":8.914326667785645,"z":-40.41118621826172},"rotation":{"x":0.26198455691337588,"y":0.5015378594398499,"z":-0.16273842751979829,"w":0.8083921670913696},"size":10.21073055267334,"orthographic":false}