{"cameraMode":{"drawMode":0,"name":"Shaded","section":"Shading Mode"},"sceneLighting":true,"audioPlay":false,"sceneViewState":{"showFog":true,"showMaterialUpdate":false,"showSkybox":true,"showFlares":true,"showImageEffects":true,"showParticleSystems":true},"in2DMode":false,"pivot":{"x":45.888126373291019,"y":-7.476139068603516,"z":67.10311126708985},"rotation":{"x":0.21370311081409455,"y":0.258687824010849,"z":-0.0587993822991848,"w":0.9401916861534119},"size":28.33711814880371,"orthographic":true}