{"cameraMode":{"drawMode":0,"name":"Shaded","section":"Shading Mode"},"sceneLighting":true,"audioPlay":false,"sceneViewState":{"showFog":true,"showMaterialUpdate":false,"showSkybox":true,"showFlares":true,"showImageEffects":true,"showParticleSystems":true},"in2DMode":false,"pivot":{"x":-28.505868911743165,"y":-18.7981014251709,"z":-66.70321655273438},"rotation":{"x":-0.059773754328489307,"y":0.08136452734470368,"z":-0.004799941089004278,"w":-0.9949199557304382},"size":837.86767578125,"orthographic":true}