{"cameraMode":{"drawMode":0,"name":"Shaded","section":"Shading Mode"},"sceneLighting":true,"audioPlay":false,"sceneViewState":{"showFog":true,"showMaterialUpdate":false,"showSkybox":true,"showFlares":true,"showImageEffects":true,"showParticleSystems":true},"in2DMode":false,"pivot":{"x":300.7283935546875,"y":123.99768829345703,"z":318.70977783203127},"rotation":{"x":0.1455639749765396,"y":0.36827170848846438,"z":-0.05848826840519905,"w":0.9165603518486023},"size":206.2657470703125,"orthographic":true}