{"cameraMode":{"drawMode":0,"name":"Shaded","section":"Shading Mode"},"sceneLighting":true,"audioPlay":false,"sceneViewState":{"showFog":true,"showMaterialUpdate":false,"showSkybox":true,"showFlares":true,"showImageEffects":true,"showParticleSystems":true},"in2DMode":false,"pivot":{"x":-244.3186798095703,"y":299.2919616699219,"z":70.64093017578125},"rotation":{"x":-0.10378755629062653,"y":-0.44903242588043215,"z":0.052179429680109027,"w":-0.8861323595046997},"size":376.11065673828127,"orthographic":true}