{"cameraMode":{"drawMode":0,"name":"Shaded","section":"Shading Mode"},"sceneLighting":true,"audioPlay":false,"sceneViewState":{"showFog":true,"showMaterialUpdate":false,"showSkybox":true,"showFlares":true,"showImageEffects":true,"showParticleSystems":true},"in2DMode":false,"pivot":{"x":-2.888167142868042,"y":2.9909510612487795,"z":-10.136091232299805},"rotation":{"x":-0.025363842025399209,"y":0.10536781698465347,"z":-0.0026132722850888969,"w":-0.994149386882782},"size":8.4722261428833,"orthographic":true}